{"stat.pickup.sciencecraft.pickaxe_neutron":1,"stat.walkOneCm":11418,"stat.pickup.sciencecraft.pickaxe_electron":1,"stat.leaveGame":13,"stat.useItem.sciencecraft.pickaxe_neutron":18,"stat.jump":35,"stat.fallOneCm":685,"stat.pickup.sciencecraft.basic_block":2,"stat.pickup.minecraft.stone":2,"stat.drop.sciencecraft.basic_block":2,"stat.pickup.minecraft.dirt":3,"stat.sprintOneCm":75,"stat.useItem.minecraft.stone_slab2":8,"stat.pickup.minecraft.cobblestone":89,"stat.drop":10,"stat.playOneMinute":9264,"stat.drop.sciencecraft.pickaxe_neutron":1,"stat.useItem.sciencecraft.pickaxe_electron":102,"stat.drop.sciencecraft.basic_item":6,"stat.timeSinceDeath":9264,"stat.drop.sciencecraft.pickaxe_electron":1,"stat.mineBlock.minecraft.dirt":4,"stat.mineBlock.minecraft.stone":119,"stat.pickup.sciencecraft.basic_item":6}